index;Bellinzona;Blenio;Leventina;Locarno;Lugano;Mendrisio;Riviera;Vallemaggia
pw_HDD;4096.287333333334;4443.837583333334;4360.818083333334;2473.4414583333337;2611.4061666666666;2478.7105416666664;4590.493458333333;3372.015833333334
r_HDD;1.1527873715281975;1.2505958274710185;1.2272322732564982;0.6960820482924185;0.7349084197212548;0.6975648868317874;1.2918680886438798;0.9489610842549453
